{
  "timestamp": "20260216_191923",
  "model": {
    "name": "Ridge Classifier",
    "f1_score": 0.9089104411049358
  },
  "all_models": {
    "Logistic Regression": {
      "params": {
        "C": 1.0,
        "class_weight": "balanced",
        "dual": false,
        "fit_intercept": true,
        "intercept_scaling": 1,
        "l1_ratio": 0.0,
        "max_iter": 3000,
        "n_jobs": null,
        "penalty": "deprecated",
        "random_state": 42,
        "solver": "saga",
        "tol": 0.0001,
        "verbose": 0,
        "warm_start": false
      },
      "train_metrics": {
        "accuracy": 0.9496520774505849,
        "precision": 0.9497475523327237,
        "recall": 0.949627010996628,
        "f1": 0.9496467756537048
      },
      "test_metrics": {
        "accuracy": 0.9035901573215006,
        "precision": 0.9038869323556313,
        "recall": 0.9035420219482666,
        "f1": 0.9035637785330156
      },
      "roc_auc": 0.9662981094679564
    },
    "LinearSVC": {
      "params": {
        "C": 0.5,
        "class_weight": "balanced",
        "dual": true,
        "fit_intercept": true,
        "intercept_scaling": 1,
        "loss": "squared_hinge",
        "max_iter": 30000,
        "multi_class": "ovr",
        "penalty": "l2",
        "random_state": 42,
        "tol": 0.0001,
        "verbose": 0
      },
      "train_metrics": {
        "accuracy": 0.9921843485276322,
        "precision": 0.9921891424488078,
        "recall": 0.99218085300538,
        "f1": 0.9921841803310534
      },
      "test_metrics": {
        "accuracy": 0.9129689390883421,
        "precision": 0.9131095180507387,
        "recall": 0.9129366709191975,
        "f1": 0.9129559781437573
      },
      "roc_auc": null
    },
    "Ridge Classifier": {
      "params": {
        "alpha": 4.0,
        "class_weight": "balanced",
        "copy_X": true,
        "fit_intercept": true,
        "max_iter": null,
        "positive": false,
        "random_state": 42,
        "solver": "lsqr",
        "tol": 0.0001
      },
      "train_metrics": {
        "accuracy": 0.9636446147640177,
        "precision": 0.9637262287939328,
        "recall": 0.9636222831578081,
        "f1": 0.9636412775597591
      },
      "test_metrics": {
        "accuracy": 0.9089350544574425,
        "precision": 0.909231986057097,
        "recall": 0.9088873556634599,
        "f1": 0.9089104411049358
      },
      "roc_auc": null
    }
  },
  "mcnemar": {
    "model_a": "Ridge Classifier",
    "model_b": "Logistic Regression",
    "b": 70,
    "c": 123,
    "n": 193,
    "method": "chi2",
    "chi2": 14.010362694300518,
    "p_value": 0.0001818058958372738
  }
}